Date,Total_Produced_Days,Monthly_Oil_STB,Monthly_Gas_MSCF,Monthly_Water_STB,Bean_Size_64ths,THP_psi,Cum_Oil_MSTB
01/01/2021,30,32891.49,30598.82,2320.56,32,822.2,32.891
02/01/2021,26,25584.19,25066.18,2213.95,32,807.5,58.476
03/01/2021,31,29809.15,30465.22,3100.03,32,787.0,88.285
04/01/2021,28,23535.83,24862.17,2839.44,32,757.6,111.821
05/01/2021,29,23709.75,25785.93,3261.9,32,756.2,135.53
06/01/2021,30,21486.25,23953.72,3302.27,32,738.0,157.017
07/01/2021,31,21234.56,24223.02,3611.03,32,717.5,178.251
08/01/2021,31,20918.96,24366.37,3893.28,32,697.5,199.17
09/01/2021,30,19432.31,23059.57,3912.78,32,669.1,218.602
10/01/2021,29,17458.9,21090.78,3784.91,32,662.3,236.061
11/01/2021,29,16425.67,20165.53,3801.16,32,647.3,252.487
12/01/2021,31,16574.59,20670.02,4080.7,32,626.7,269.062
01/01/2022,26,12750.55,16138.25,3323.46,32,617.6,281.812
02/01/2022,26,12496.08,16018.39,3416.57,32,609.5,294.308
03/01/2022,31,14331.46,18619.12,4116.16,32,609.5,308.64
04/01/2022,29,13425.5,17659.52,4030.84,32,578.4,322.065
05/01/2022,26,11282.42,15023.53,3535.42,32,565.1,333.348
06/01/2022,25,9761.22,13146.63,3179.46,32,548.4,343.109
07/01/2022,31,12384.6,16869.45,4187.99,32,516.5,355.493
08/01/2022,30,11274.06,15524.76,3948.77,32,522.3,366.768
09/01/2022,28,10045.65,13974.49,3632.79,32,510.8,376.813
10/01/2022,31,11133.68,15646.04,4153.37,32,522.4,387.947
11/01/2022,29,10176.81,14437.96,3905.58,32,484.0,398.124
12/01/2022,8,2701.17,3868.84,1065.69,16,477.0,400.825
01/01/2023,26,8040.95,11623.74,3256.19,32,462.1,408.866
02/01/2023,26,7925.7,11550.42,3281.9,32,440.5,416.791
03/01/2023,30,9018.91,13258.94,3823.01,32,452.5,425.81
04/01/2023,30,8908.59,13204.97,3858.08,32,438.1,434.719
05/01/2023,31,8541.4,12766.01,3777.5,32,428.0,443.26
06/01/2023,30,8094.52,12193.03,3649.45,32,401.0,451.355
07/01/2023,31,7890.49,11979.73,3625.21,32,414.1,459.245
08/01/2023,31,7639.88,11688.8,3573.42,32,376.3,466.885
09/01/2023,29,7384.58,11380.67,3511.23,32,386.9,474.27
10/01/2023,30,7544.65,11713.11,3645.66,32,393.6,481.815
11/01/2023,25,5869.03,9175.31,2878.35,32,353.0,487.684
12/01/2023,26,6132.55,9654.99,3051.72,32,348.3,493.816
01/01/2024,26,5860.04,9289.74,2956.74,32,346.3,499.676
02/01/2024,29,6188.08,9871.95,3160.96,32,332.4,505.864
03/01/2024,30,6431.83,10329.0,3326.93,32,313.6,512.296
04/01/2024,29,6280.01,10148.81,3286.14,32,322.0,518.576
05/01/2024,31,6253.97,10171.37,3309.9,32,302.8,524.83
06/01/2024,30,6196.17,10138.59,3313.81,32,310.8,531.026
07/01/2024,29,5147.49,8474.61,2781.46,32,289.3,536.174
08/01/2024,31,5977.67,9900.98,3261.87,32,306.7,542.151
09/01/2024,28,5166.81,8607.22,2844.99,32,276.5,547.318
10/01/2024,31,5527.97,9262.75,3071.06,32,274.1,552.846
11/01/2024,30,5297.73,8926.4,2967.4,32,278.9,558.144
12/01/2024,30,4860.69,8236.38,2744.69,32,251.8,563.005
01/01/2025,31,5193.04,8848.57,2955.01,32,259.9,568.198
02/01/2025,27,4514.5,7730.5,2586.01,32,265.0,572.712
03/01/2025,26,4399.12,7573.65,2537.66,32,229.7,577.111
04/01/2025,30,4690.58,8117.04,2723.37,32,241.8,581.802
05/01/2025,31,4707.75,8189.49,2750.84,32,236.7,586.51
06/01/2025,30,4510.9,7886.31,2651.39,32,236.3,591.02
07/01/2025,31,4767.78,8377.89,2818.69,32,210.6,595.788
08/01/2025,29,4299.65,7593.25,2556.04,32,204.3,600.088
09/01/2025,30,4255.07,7550.55,2542.49,32,217.5,604.343
10/01/2025,30,4308.42,7682.58,2587.37,32,210.1,608.651
11/01/2025,29,4040.28,7238.06,2437.65,32,204.7,612.692
12/01/2025,30,4210.68,7579.22,2552.14,32,200.7,616.902
