Date,Days,Oil_Rate_BOPD,Gas_Rate_MSCFD,Water_Rate_BWPD,Cum_Oil_MSTB,Water_Cut_Pct
2023-01-01,1,1507.16,1222.45,168.76,1.507,10.1
2023-01-02,2,1448.13,1182.86,163.41,2.955,10.1
2023-01-03,3,1472.31,1209.43,167.4,4.428,10.2
2023-01-04,4,1500.8,1238.89,171.94,5.928,10.3
2023-01-05,5,1381.57,1145.51,159.47,7.31,10.3
2023-01-06,6,1362.26,1134.1,158.42,8.672,10.4
2023-01-07,7,1441.81,1204.86,168.91,10.114,10.5
2023-01-08,8,1378.67,1156.19,162.7,11.493,10.6
2023-01-09,9,1294.74,1089.48,153.91,12.787,10.6
2023-01-10,10,1330.13,1122.85,159.26,14.118,10.7
2023-01-11,11,1260.83,1067.63,152.05,15.378,10.8
2023-01-12,12,1244.2,1056.67,151.11,16.623,10.8
2023-01-13,13,1263.51,1076.12,154.54,17.886,10.9
2023-01-14,14,1140.8,974.3,140.51,19.027,11.0
2023-01-15,15,1135.51,972.37,140.84,20.162,11.0
2023-01-16,16,1177.24,1010.73,147.02,21.34,11.1
2023-01-17,17,1141.16,982.23,143.5,22.481,11.2
2023-01-18,18,1189.46,1026.32,150.59,23.67,11.2
2023-01-19,19,1118.22,967.16,142.53,24.789,11.3
2023-01-20,20,1081.58,937.67,138.78,25.87,11.4
2023-01-21,21,1199.03,1041.87,154.88,27.069,11.4
2023-01-22,22,1109.09,965.89,144.21,28.178,11.5
2023-01-23,23,1109.05,967.98,145.16,29.287,11.6
2023-01-24,24,1030.89,901.7,135.81,30.318,11.6
2023-01-25,25,1057.06,926.55,140.16,31.375,11.7
2023-01-26,26,1072.99,942.47,143.19,32.448,11.8
2023-01-27,27,1007.54,886.79,135.31,33.456,11.8
2023-01-28,28,1060.01,934.85,143.26,34.516,11.9
2023-01-29,29,1007.9,890.64,137.08,35.524,12.0
2023-01-30,30,1009.42,893.72,138.15,36.533,12.0
2023-01-31,31,985.87,874.54,135.76,37.519,12.1
2023-02-01,32,1073.28,953.88,148.71,38.592,12.2
2023-02-02,33,987.98,879.71,137.74,39.58,12.2
2023-02-03,34,936.62,835.5,131.37,40.517,12.3
2023-02-04,35,999.52,893.22,141.04,41.516,12.4
2023-02-05,36,910.79,815.39,129.3,42.427,12.4
2023-02-06,37,955.53,856.95,136.46,43.383,12.5
2023-02-07,38,864.35,776.52,124.17,44.247,12.6
2023-02-08,39,878.97,791.02,127.02,45.126,12.6
2023-02-09,40,926.13,834.87,134.62,46.052,12.7
2023-02-10,41,936.53,845.67,136.92,46.989,12.8
2023-02-11,42,906.77,820.16,133.34,47.895,12.8
2023-02-12,43,887.57,804.11,131.27,48.783,12.9
2023-02-13,44,872.32,791.58,129.75,49.655,12.9
2023-02-14,45,822.65,747.71,123.06,50.478,13.0
2023-02-15,46,840.98,765.59,126.51,51.319,13.1
2023-02-16,47,841.82,767.55,127.35,52.161,13.1
2023-02-17,48,885.39,808.53,134.69,53.046,13.2
2023-02-18,49,853.02,780.17,130.48,53.899,13.3
2023-02-19,50,774.78,709.71,119.17,54.674,13.3
2023-02-20,51,836.52,767.42,129.37,55.51,13.4
2023-02-21,52,805.6,740.16,125.27,56.316,13.5
2023-02-22,53,788.75,725.76,123.31,57.105,13.5
2023-02-23,54,822.99,758.37,129.36,57.928,13.6
2023-02-24,55,828.91,764.94,130.99,58.757,13.6
2023-02-25,56,818.33,756.28,130.0,59.575,13.7
2023-02-26,57,755.67,699.37,120.68,60.331,13.8
2023-02-27,58,765.43,709.41,122.88,61.096,13.8
2023-02-28,59,778.39,722.44,125.62,61.875,13.9
2023-03-01,60,791.23,735.39,128.35,62.666,14.0
2023-03-02,61,740.46,689.15,120.74,63.406,14.0
2023-03-03,62,742.88,692.36,121.76,64.149,14.1
2023-03-04,63,709.22,661.88,116.83,64.858,14.1
2023-03-05,64,700.56,654.69,115.99,65.559,14.2
2023-03-06,65,753.28,704.91,125.35,66.312,14.3
2023-03-07,66,762.71,714.69,127.56,67.075,14.3
2023-03-08,67,715.39,671.23,120.24,67.79,14.4
2023-03-09,68,740.1,695.33,125.01,68.53,14.5
2023-03-10,69,715.91,673.48,121.52,69.246,14.5
2023-03-11,70,681.89,642.31,116.32,69.928,14.6
2023-03-12,71,704.33,664.3,120.73,70.632,14.6
2023-03-13,72,731.08,690.41,125.93,71.364,14.7
2023-03-14,73,682.22,645.1,118.08,72.046,14.8
2023-03-15,74,720.2,681.86,125.25,72.766,14.8
2023-03-16,75,601.97,570.64,105.19,73.368,14.9
2023-03-17,76,689.1,654.05,120.99,74.057,14.9
2023-03-18,77,664.27,631.26,117.18,74.721,15.0
2023-03-19,78,648.98,617.5,115.02,75.37,15.1
2023-03-20,79,654.18,623.2,116.49,76.024,15.1
2023-03-21,80,595.38,567.87,106.51,76.62,15.2
2023-03-22,81,636.25,607.58,114.35,77.256,15.2
2023-03-23,82,646.14,617.77,116.66,77.902,15.3
2023-03-24,83,669.63,640.99,121.46,78.572,15.4
2023-03-25,84,614.52,588.94,111.97,79.186,15.4
2023-03-26,85,602.73,578.32,110.32,79.789,15.5
2023-03-27,86,605.87,582.01,111.4,80.395,15.5
2023-03-28,87,636.22,611.88,117.5,81.031,15.6
2023-03-29,88,617.29,594.35,114.51,81.649,15.6
2023-03-30,89,592.04,570.7,110.32,82.241,15.7
2023-03-31,90,612.83,591.42,114.7,82.853,15.8
2023-04-01,91,598.51,578.26,112.51,83.452,15.8
2023-04-02,92,614.88,594.75,116.1,84.067,15.9
2023-04-03,93,571.25,553.16,108.33,84.638,15.9
2023-04-04,94,575.97,558.36,109.7,85.214,16.0
2023-04-05,95,570.44,553.61,109.11,85.784,16.1
2023-04-06,96,541.8,526.4,104.08,86.326,16.1
2023-04-07,97,578.27,562.46,111.56,86.905,16.2
2023-04-08,98,573.49,558.42,111.11,87.478,16.2
2023-04-09,99,563.79,549.57,109.69,88.042,16.3
2023-04-10,100,554.59,541.18,108.35,88.596,16.3
2023-04-11,101,524.56,512.44,102.92,89.121,16.4
2023-04-12,102,543.0,531.02,106.98,89.664,16.5
2023-04-13,103,541.07,529.7,107.04,90.205,16.5
2023-04-14,104,527.45,516.91,104.78,90.732,16.6
2023-04-15,105,537.83,527.64,107.28,91.27,16.6
2023-04-16,106,546.44,536.65,109.44,91.817,16.7
2023-04-17,107,574.53,564.83,115.54,92.391,16.7
2023-04-18,108,534.44,525.96,107.91,92.926,16.8
2023-04-19,109,532.72,524.81,108.0,93.458,16.9
2023-04-20,110,522.32,515.1,106.31,93.981,16.9
2023-04-21,111,480.56,474.41,98.2,94.461,17.0
2023-04-22,112,516.63,510.54,106.0,94.978,17.0
2023-04-23,113,515.13,509.57,106.11,95.493,17.1
2023-04-24,114,560.95,555.46,116.0,96.054,17.1
2023-04-25,115,503.52,499.09,104.53,96.558,17.2
2023-04-26,116,510.33,506.35,106.36,97.068,17.2
2023-04-27,117,500.4,497.0,104.7,97.568,17.3
2023-04-28,118,474.71,471.95,99.71,98.043,17.4
2023-04-29,119,517.54,515.04,109.12,98.561,17.4
2023-04-30,120,506.67,504.72,107.24,99.067,17.5
2023-05-01,121,504.34,502.89,107.15,99.572,17.5
2023-05-02,122,468.22,467.33,99.86,100.04,17.6
2023-05-03,123,510.05,509.58,109.19,100.55,17.6
2023-05-04,124,453.12,453.15,97.37,101.003,17.7
2023-05-05,125,488.36,488.86,105.33,101.491,17.7
2023-05-06,126,515.87,516.9,111.68,102.007,17.8
2023-05-07,127,452.82,454.15,98.4,102.46,17.9
2023-05-08,128,458.09,459.88,99.91,102.918,17.9
2023-05-09,129,467.81,470.08,102.41,103.386,18.0
2023-05-10,130,453.9,456.53,99.72,103.84,18.0
2023-05-11,131,431.96,434.88,95.25,104.272,18.1
2023-05-12,132,459.11,462.64,101.61,104.731,18.1
2023-05-13,133,435.87,439.63,96.81,105.167,18.2
2023-05-14,134,461.17,465.59,102.8,105.628,18.2
2023-05-15,135,433.45,438.01,96.97,106.061,18.3
2023-05-16,136,475.18,480.62,106.69,106.537,18.3
2023-05-17,137,430.96,436.3,97.1,106.967,18.4
2023-05-18,138,436.69,442.51,98.74,107.404,18.4
2023-05-19,139,454.22,460.69,103.07,107.858,18.5
2023-05-20,140,415.91,422.21,94.71,108.274,18.5
2023-05-21,141,438.97,446.03,100.31,108.713,18.6
2023-05-22,142,455.22,462.96,104.38,109.168,18.7
2023-05-23,143,402.55,409.76,92.63,109.571,18.7
2023-05-24,144,431.0,439.12,99.52,110.002,18.8
2023-05-25,145,429.93,438.42,99.61,110.432,18.8
2023-05-26,146,436.42,445.43,101.46,110.868,18.9
2023-05-27,147,400.07,408.69,93.33,111.268,18.9
2023-05-28,148,396.51,405.41,92.81,111.665,19.0
2023-05-29,149,425.06,434.99,99.83,112.09,19.0
2023-05-30,150,419.06,429.22,98.75,112.509,19.1
2023-05-31,151,416.06,426.52,98.38,112.925,19.1
2023-06-01,152,415.42,426.24,98.55,113.341,19.2
2023-06-02,153,396.49,407.17,94.38,113.737,19.2
2023-06-03,154,409.2,420.58,97.72,114.146,19.3
2023-06-04,155,408.03,419.75,97.77,114.554,19.3
2023-06-05,156,389.74,401.27,93.69,114.944,19.4
2023-06-06,157,428.9,441.97,103.44,115.373,19.4
2023-06-07,158,404.57,417.26,97.9,115.777,19.5
2023-06-08,159,376.18,388.31,91.32,116.154,19.5
2023-06-09,160,403.29,416.65,98.22,116.557,19.6
2023-06-10,161,375.72,388.49,91.8,116.933,19.6
2023-06-11,162,401.22,415.2,98.35,117.334,19.7
2023-06-12,163,404.93,419.4,99.57,117.739,19.7
2023-06-13,164,372.4,386.03,91.87,118.111,19.8
2023-06-14,165,397.87,412.77,98.46,118.509,19.8
2023-06-15,166,387.48,402.33,96.19,118.897,19.9
2023-06-16,167,391.76,407.11,97.56,119.288,19.9
2023-06-17,168,406.03,422.29,101.43,119.694,20.0
2023-06-18,169,371.85,387.05,93.18,120.066,20.0
2023-06-19,170,362.41,377.54,91.1,120.429,20.1
2023-06-20,171,358.61,373.89,90.43,120.787,20.1
2023-06-21,172,357.95,373.5,90.54,121.145,20.2
2023-06-22,173,367.09,383.35,93.14,121.512,20.2
2023-06-23,174,371.43,388.2,94.53,121.884,20.3
2023-06-24,175,368.7,385.65,94.12,122.252,20.3
2023-06-25,176,374.91,392.47,96.0,122.627,20.4
2023-06-26,177,361.35,378.58,92.8,122.989,20.4
2023-06-27,178,380.33,398.79,97.97,123.369,20.5
2023-06-28,179,353.94,371.4,91.45,123.723,20.5
2023-06-29,180,394.76,414.58,102.3,124.118,20.6
2023-06-30,181,363.21,381.74,94.41,124.481,20.6
2023-07-01,182,340.58,358.24,88.79,124.821,20.7
2023-07-02,183,335.98,353.68,87.85,125.157,20.7
2023-07-03,184,356.12,375.18,93.39,125.514,20.8
2023-07-04,185,344.65,363.37,90.65,125.858,20.8
2023-07-05,186,356.03,375.66,93.91,126.214,20.9
2023-07-06,187,351.06,370.71,92.88,126.565,20.9
2023-07-07,188,341.95,361.38,90.73,126.907,21.0
2023-07-08,189,329.82,348.82,87.76,127.237,21.0
2023-07-09,190,319.23,337.88,85.19,127.556,21.1
2023-07-10,191,332.23,351.92,88.92,127.889,21.1
2023-07-11,192,348.27,369.19,93.48,128.237,21.2
2023-07-12,193,338.09,358.67,91.0,128.575,21.2
2023-07-13,194,317.08,336.64,85.59,128.892,21.3
2023-07-14,195,334.51,355.41,90.55,129.226,21.3
2023-07-15,196,335.82,357.08,91.16,129.562,21.4
2023-07-16,197,317.61,337.97,86.46,129.88,21.4
2023-07-17,198,329.8,351.21,90.03,130.21,21.4
2023-07-18,199,327.09,348.59,89.54,130.537,21.5
2023-07-19,200,310.04,330.66,85.11,130.847,21.5
2023-07-20,201,328.1,350.18,90.32,131.175,21.6
2023-07-21,202,329.27,351.7,90.89,131.504,21.6
2023-07-22,203,334.54,357.59,92.6,131.839,21.7
2023-07-23,204,332.71,355.9,92.35,132.171,21.7
2023-07-24,205,300.35,321.52,83.59,132.472,21.8
2023-07-25,206,304.62,326.34,85.01,132.776,21.8
2023-07-26,207,321.62,344.8,90.0,133.098,21.9
2023-07-27,208,320.23,343.56,89.85,133.418,21.9
2023-07-28,209,318.88,342.36,89.72,133.737,22.0
2023-07-29,210,359.05,385.78,101.29,134.096,22.0
2023-07-30,211,316.86,340.69,89.63,134.413,22.0
2023-07-31,212,322.49,347.0,91.46,134.736,22.1
2023-08-01,213,318.9,343.38,90.69,135.054,22.1
2023-08-02,214,313.86,338.2,89.49,135.368,22.2
2023-08-03,215,300.76,324.32,85.98,135.669,22.2
2023-08-04,216,312.54,337.27,89.58,135.982,22.3
2023-08-05,217,292.73,316.12,84.13,136.274,22.3
2023-08-06,218,297.97,322.0,85.86,136.572,22.4
2023-08-07,219,293.76,317.68,84.86,136.866,22.4
2023-08-08,220,299.32,323.92,86.69,137.165,22.5
2023-08-09,221,324.63,351.56,94.27,137.49,22.5
2023-08-10,222,273.8,296.73,79.71,137.764,22.5
2023-08-11,223,302.78,328.37,88.38,138.067,22.6
2023-08-12,224,274.56,297.97,80.35,138.341,22.6
2023-08-13,225,286.79,311.46,84.14,138.628,22.7
2023-08-14,226,303.81,330.17,89.36,138.932,22.7
2023-08-15,227,290.7,316.15,85.72,139.222,22.8
2023-08-16,228,276.34,300.74,81.69,139.499,22.8
2023-08-17,229,279.41,304.29,82.8,139.778,22.9
2023-08-18,230,294.28,320.71,87.43,140.073,22.9
2023-08-19,231,277.01,302.1,82.51,140.35,22.9
2023-08-20,232,286.68,312.86,85.6,140.636,23.0
2023-08-21,233,283.61,309.73,84.89,140.92,23.0
2023-08-22,234,274.63,300.13,82.41,141.194,23.1
2023-08-23,235,304.96,333.5,91.74,141.499,23.1
2023-08-24,236,286.87,313.93,86.51,141.786,23.2
2023-08-25,237,256.11,280.46,77.42,142.042,23.2
2023-08-26,238,279.67,306.47,84.75,142.322,23.3
2023-08-27,239,269.2,295.2,81.78,142.591,23.3
2023-08-28,240,284.85,312.57,86.74,142.876,23.3
2023-08-29,241,265.7,291.75,81.1,143.142,23.4
2023-08-30,242,272.09,298.97,83.25,143.414,23.4
2023-08-31,243,277.79,305.45,85.2,143.692,23.5
2023-09-01,244,280.65,308.79,86.28,143.972,23.5
2023-09-02,245,257.25,283.24,79.28,144.23,23.6
2023-09-03,246,265.6,292.62,82.05,144.495,23.6
2023-09-04,247,263.08,290.05,81.46,144.758,23.6
2023-09-05,248,260.19,287.04,80.76,145.018,23.7
2023-09-06,249,284.96,314.58,88.65,145.303,23.7
2023-09-07,250,269.46,297.67,84.03,145.573,23.8
2023-09-08,251,250.85,277.3,78.41,145.824,23.8
2023-09-09,252,272.85,301.82,85.49,146.097,23.9
2023-09-10,253,284.47,314.87,89.33,146.381,23.9
2023-09-11,254,272.03,301.3,85.62,146.653,23.9
2023-09-12,255,244.46,270.94,77.12,146.898,24.0
2023-09-13,256,254.29,282.03,80.41,147.152,24.0
2023-09-14,257,271.46,301.26,86.04,147.423,24.1
2023-09-15,258,250.13,277.77,79.46,147.673,24.1
2023-09-16,259,261.03,290.07,83.11,147.934,24.2
2023-09-17,260,263.46,292.96,84.08,148.198,24.2
2023-09-18,261,245.18,272.8,78.42,148.443,24.2
2023-09-19,262,253.09,281.79,81.13,148.696,24.3
2023-09-20,263,220.01,245.11,70.69,148.916,24.3
2023-09-21,264,241.55,269.29,77.78,149.158,24.4
2023-09-22,265,248.43,277.14,80.18,149.406,24.4
2023-09-23,266,237.59,265.21,76.85,149.644,24.4
2023-09-24,267,265.45,296.5,86.05,149.909,24.5
2023-09-25,268,234.09,261.64,76.05,150.143,24.5
2023-09-26,269,243.06,271.83,79.14,150.386,24.6
2023-09-27,270,247.83,277.34,80.87,150.634,24.6
2023-09-28,271,259.83,290.96,84.98,150.894,24.6
2023-09-29,272,230.74,258.55,75.63,151.125,24.7
2023-09-30,273,255.3,286.24,83.86,151.38,24.7
2023-10-01,274,243.19,272.84,80.06,151.623,24.8
2023-10-02,275,232.73,261.27,76.78,151.856,24.8
2023-10-03,276,245.87,276.19,81.29,152.102,24.8
2023-10-04,277,242.48,272.56,80.34,152.344,24.9
2023-10-05,278,233.98,263.16,77.69,152.578,24.9
2023-10-06,279,239.57,269.62,79.72,152.818,25.0
2023-10-07,280,234.42,263.98,78.17,153.052,25.0
2023-10-08,281,238.35,268.58,79.65,153.291,25.0
2023-10-09,282,242.72,273.67,81.28,153.533,25.1
2023-10-10,283,250.6,282.73,84.1,153.784,25.1
2023-10-11,284,223.22,252.0,75.07,154.007,25.2
2023-10-12,285,254.02,286.95,85.61,154.261,25.2
2023-10-13,286,215.05,243.07,72.63,154.476,25.2
2023-10-14,287,231.06,261.33,78.2,154.707,25.3
2023-10-15,288,237.14,268.37,80.42,154.944,25.3
2023-10-16,289,233.51,264.42,79.36,155.178,25.4
2023-10-17,290,224.41,254.27,76.42,155.402,25.4
2023-10-18,291,227.46,257.89,77.62,155.63,25.4
2023-10-19,292,224.1,254.23,76.63,155.854,25.5
2023-10-20,293,222.48,252.54,76.23,156.076,25.5
2023-10-21,294,234.81,266.71,80.63,156.311,25.6
2023-10-22,295,229.58,260.92,78.99,156.541,25.6
2023-10-23,296,10.97,12.47,3.78,156.552,25.6
2023-10-24,297,11.65,13.25,4.02,156.563,25.7
2023-10-25,298,11.34,12.92,3.93,156.575,25.7
2023-10-26,299,11.53,13.14,4.0,156.586,25.8
2023-10-27,300,11.41,13.01,3.97,156.598,25.8
2023-10-28,301,214.58,244.75,74.73,156.812,25.8
2023-10-29,302,216.26,246.81,75.46,157.029,25.9
2023-10-30,303,227.09,259.33,79.4,157.256,25.9
2023-10-31,304,225.16,257.27,78.88,157.481,25.9
2023-11-01,305,218.9,250.27,76.84,157.7,26.0
2023-11-02,306,219.4,250.99,77.17,157.919,26.0
2023-11-03,307,228.81,261.9,80.64,158.148,26.1
2023-11-04,308,211.85,242.64,74.81,158.36,26.1
2023-11-05,309,221.03,253.3,78.2,158.581,26.1
2023-11-06,310,213.86,245.23,75.81,158.795,26.2
2023-11-07,311,213.05,244.44,75.67,159.008,26.2
2023-11-08,312,223.66,256.77,79.6,159.231,26.2
2023-11-09,313,220.62,253.42,78.67,159.452,26.3
2023-11-10,314,219.83,252.66,78.53,159.672,26.3
2023-11-11,315,223.31,256.81,79.93,159.895,26.4
2023-11-12,316,211.74,243.65,75.94,160.107,26.4
2023-11-13,317,216.66,249.45,77.85,160.324,26.4
2023-11-14,318,207.64,239.2,74.75,160.531,26.5
2023-11-15,319,212.31,244.73,76.58,160.743,26.5
2023-11-16,320,207.86,239.73,75.11,160.951,26.5
2023-11-17,321,209.11,241.31,75.71,161.16,26.6
2023-11-18,322,212.6,245.48,77.12,161.373,26.6
2023-11-19,323,200.24,231.35,72.77,161.573,26.7
2023-11-20,324,223.66,258.54,81.43,161.797,26.7
2023-11-21,325,197.47,228.41,72.04,161.994,26.7
2023-11-22,326,195.16,225.86,71.33,162.19,26.8
2023-11-23,327,213.97,247.77,78.35,162.404,26.8
2023-11-24,328,210.34,243.7,77.16,162.614,26.8
2023-11-25,329,208.34,241.52,76.56,162.822,26.9
2023-11-26,330,207.74,240.96,76.49,163.03,26.9
2023-11-27,331,201.94,234.36,74.49,163.232,26.9
2023-11-28,332,194.2,225.51,71.76,163.426,27.0
2023-11-29,333,201.43,234.04,74.57,163.628,27.0
2023-11-30,334,194.8,226.46,72.25,163.822,27.1
2023-12-01,335,207.41,241.26,77.06,164.03,27.1
2023-12-02,336,197.86,230.27,73.65,164.228,27.1
2023-12-03,337,191.88,223.45,71.55,164.42,27.2
2023-12-04,338,195.3,227.56,72.96,164.615,27.2
2023-12-05,339,200.52,233.76,75.04,164.815,27.2
2023-12-06,340,192.25,224.24,72.08,165.008,27.3
2023-12-07,341,189.65,221.34,71.23,165.197,27.3
2023-12-08,342,197.43,230.54,74.28,165.395,27.3
2023-12-09,343,196.86,230.01,74.2,165.592,27.4
2023-12-10,344,190.44,222.63,71.91,165.782,27.4
2023-12-11,345,190.16,222.42,71.93,165.972,27.4
2023-12-12,346,195.04,228.26,73.91,166.167,27.5
2023-12-13,347,181.53,212.56,68.91,166.349,27.5
2023-12-14,348,181.31,212.42,68.95,166.53,27.5
2023-12-15,349,186.07,218.11,70.88,166.716,27.6
2023-12-16,350,189.39,222.13,72.27,166.905,27.6
2023-12-17,351,192.84,226.3,73.71,167.098,27.7
2023-12-18,352,201.14,236.16,77.02,167.299,27.7
2023-12-19,353,195.88,230.11,75.13,167.495,27.7
2023-12-20,354,187.63,220.55,72.1,167.683,27.8
2023-12-21,355,188.16,221.28,72.42,167.871,27.8
2023-12-22,356,180.24,212.08,69.49,168.051,27.8
2023-12-23,357,187.1,220.27,72.26,168.238,27.9
2023-12-24,358,184.55,217.39,71.4,168.423,27.9
2023-12-25,359,188.58,222.26,73.08,168.612,27.9
2023-12-26,360,179.51,211.68,69.68,168.791,28.0
2023-12-27,361,188.98,222.96,73.48,168.98,28.0
2023-12-28,362,195.93,231.29,76.31,169.176,28.0
2023-12-29,363,183.29,216.49,71.51,169.359,28.1
2023-12-30,364,186.53,220.43,72.9,169.546,28.1
2023-12-31,365,188.12,222.43,73.64,169.734,28.1
2024-01-01,366,179.63,212.5,70.44,169.914,28.2
2024-01-02,367,183.68,217.41,72.15,170.097,28.2
2024-01-03,368,181.64,215.11,71.46,170.279,28.2
2024-01-04,369,181.75,215.36,71.62,170.461,28.3
2024-01-05,370,174.97,207.42,69.06,170.636,28.3
2024-01-06,371,180.23,213.77,71.26,170.816,28.3
2024-01-07,372,183.13,217.33,72.52,170.999,28.4
2024-01-08,373,189.46,224.96,75.15,171.188,28.4
2024-01-09,374,185.43,220.29,73.67,171.374,28.4
2024-01-10,375,193.43,229.91,76.98,171.567,28.5
2024-01-11,376,172.15,204.73,68.62,171.739,28.5
2024-01-12,377,183.3,218.1,73.18,171.923,28.5
2024-01-13,378,177.94,211.83,71.16,172.101,28.6
2024-01-14,379,191.6,228.21,76.74,172.292,28.6
2024-01-15,380,170.01,202.6,68.2,172.462,28.6
2024-01-16,381,169.33,201.9,68.04,172.632,28.7
2024-01-17,382,170.56,203.47,68.64,172.802,28.7
2024-01-18,383,159.47,190.34,64.28,172.962,28.7
2024-01-19,384,170.16,203.2,68.7,173.132,28.8
2024-01-20,385,168.09,200.83,67.97,173.3,28.8
2024-01-21,386,173.93,207.91,70.45,173.474,28.8
2024-01-22,387,174.79,209.05,70.9,173.649,28.9
2024-01-23,388,184.88,221.23,75.12,173.834,28.9
2024-01-24,389,178.04,213.15,72.45,174.012,28.9
2024-01-25,390,167.12,200.18,68.11,174.179,29.0
2024-01-26,391,164.48,197.13,67.14,174.343,29.0
2024-01-27,392,173.51,208.06,70.94,174.517,29.0
2024-01-28,393,160.75,192.86,65.83,174.677,29.1
2024-01-29,394,181.67,218.06,74.51,174.859,29.1
2024-01-30,395,176.8,212.32,72.62,175.036,29.1
2024-01-31,396,165.23,198.53,67.97,175.201,29.1
2024-02-01,397,156.44,188.07,64.46,175.358,29.2
2024-02-02,398,176.59,212.39,72.87,175.534,29.2
2024-02-03,399,166.32,200.14,68.73,175.7,29.2
2024-02-04,400,174.9,210.57,72.39,175.875,29.3
2024-02-05,401,155.62,187.45,64.51,176.031,29.3
2024-02-06,402,161.82,195.02,67.18,176.193,29.3
2024-02-07,403,165.4,199.44,68.77,176.358,29.4
2024-02-08,404,165.25,199.36,68.81,176.523,29.4
2024-02-09,405,161.56,195.0,67.38,176.685,29.4
2024-02-10,406,168.19,203.1,70.25,176.853,29.5
2024-02-11,407,156.69,189.31,65.54,177.01,29.5
2024-02-12,408,162.34,196.23,68.0,177.172,29.5
2024-02-13,409,163.63,197.9,68.65,177.336,29.6
2024-02-14,410,165.78,200.59,69.65,177.502,29.6
2024-02-15,411,166.64,201.73,70.12,177.668,29.6
2024-02-16,412,154.35,186.94,65.04,177.823,29.6
2024-02-17,413,151.32,183.37,63.86,177.974,29.7
2024-02-18,414,169.03,204.92,71.44,178.143,29.7
2024-02-19,415,162.54,197.15,68.79,178.306,29.7
2024-02-20,416,155.21,188.36,65.79,178.461,29.8
2024-02-21,417,169.51,205.81,71.95,178.63,29.8
2024-02-22,418,159.94,194.29,67.99,178.79,29.8
2024-02-23,419,166.3,202.11,70.8,178.956,29.9
2024-02-24,420,158.84,193.15,67.72,179.115,29.9
2024-02-25,421,171.05,208.09,73.03,179.286,29.9
2024-02-26,422,168.7,205.33,72.13,179.455,30.0
2024-02-27,423,155.68,189.57,66.66,179.611,30.0
2024-02-28,424,162.95,198.53,69.87,179.774,30.0
2024-02-29,425,160.51,195.65,68.92,179.934,30.0
2024-03-01,426,164.63,200.77,70.79,180.099,30.1
2024-03-02,427,149.69,182.64,64.46,180.249,30.1
2024-03-03,428,159.58,194.8,68.82,180.408,30.1
2024-03-04,429,161.5,197.24,69.74,180.57,30.2
2024-03-05,430,143.69,175.57,62.14,180.713,30.2
2024-03-06,431,146.89,179.57,63.61,180.86,30.2
2024-03-07,432,141.27,172.78,61.26,181.001,30.2
2024-03-08,433,151.79,185.74,65.92,181.153,30.3
2024-03-09,434,157.47,192.78,68.48,181.311,30.3
2024-03-10,435,161.88,198.27,70.5,181.473,30.3
2024-03-11,436,152.79,187.23,66.63,181.625,30.4
2024-03-12,437,161.87,198.45,70.69,181.787,30.4
2024-03-13,438,143.24,175.69,62.64,181.93,30.4
2024-03-14,439,140.94,172.95,61.72,182.071,30.5
2024-03-15,440,150.55,184.83,66.01,182.222,30.5
2024-03-16,441,152.84,187.73,67.11,182.375,30.5
2024-03-17,442,149.97,184.3,65.94,182.525,30.5
2024-03-18,443,137.42,168.96,60.5,182.662,30.6
2024-03-19,444,148.92,183.18,65.66,182.811,30.6
2024-03-20,445,141.32,173.91,62.39,182.952,30.6
2024-03-21,446,152.73,188.05,67.52,183.105,30.7
2024-03-22,447,150.57,185.48,66.66,183.256,30.7
2024-03-23,448,142.48,175.59,63.16,183.398,30.7
2024-03-24,449,144.67,178.37,64.21,183.543,30.7
2024-03-25,450,141.11,174.07,62.72,183.684,30.8
2024-03-26,451,146.64,180.97,65.26,183.831,30.8
2024-03-27,452,152.27,188.01,67.86,183.983,30.8
2024-03-28,453,140.56,173.62,62.72,184.123,30.9
2024-03-29,454,148.93,184.05,66.55,184.272,30.9
2024-03-30,455,142.56,176.26,63.78,184.415,30.9
2024-03-31,456,140.7,174.05,63.04,184.556,30.9
2024-04-01,457,144.35,178.65,64.76,184.7,31.0
2024-04-02,458,138.65,171.67,62.28,184.839,31.0
2024-04-03,459,141.11,174.79,63.47,184.98,31.0
2024-04-04,460,137.07,169.88,61.73,185.117,31.1
2024-04-05,461,154.93,192.09,69.87,185.272,31.1
2024-04-06,462,143.52,178.02,64.8,185.415,31.1
2024-04-07,463,138.98,172.48,62.84,185.554,31.1
2024-04-08,464,143.88,178.64,65.14,185.698,31.2
2024-04-09,465,141.69,176.01,64.23,185.84,31.2
2024-04-10,466,140.76,174.92,63.88,185.981,31.2
2024-04-11,467,145.17,180.49,65.97,186.126,31.2
2024-04-12,468,145.65,181.17,66.28,186.271,31.3
2024-04-13,469,138.05,171.8,62.9,186.409,31.3
2024-04-14,470,137.49,171.17,62.72,186.547,31.3
2024-04-15,471,138.87,172.97,63.43,186.686,31.4
2024-04-16,472,127.2,158.5,58.17,186.813,31.4
2024-04-17,473,131.31,163.7,60.13,186.944,31.4
2024-04-18,474,147.09,183.46,67.44,187.091,31.4
2024-04-19,475,148.31,185.07,68.09,187.24,31.5
2024-04-20,476,137.46,171.61,63.19,187.377,31.5
2024-04-21,477,141.73,177.01,65.23,187.519,31.5
2024-04-22,478,139.95,174.87,64.49,187.659,31.5
2024-04-23,479,154.9,193.64,71.47,187.814,31.6
2024-04-24,480,143.78,179.81,66.42,187.958,31.6
2024-04-25,481,136.61,170.92,63.18,188.094,31.6
2024-04-26,482,131.77,164.94,61.02,188.226,31.7
2024-04-27,483,127.92,160.2,59.31,188.354,31.7
2024-04-28,484,137.51,172.29,63.84,188.491,31.7
2024-04-29,485,131.98,165.44,61.35,188.623,31.7
2024-04-30,486,128.08,160.61,59.6,188.751,31.8
2024-05-01,487,132.0,165.61,61.51,188.883,31.8
2024-05-02,488,129.36,162.36,60.35,189.013,31.8
2024-05-03,489,144.02,180.84,67.27,189.157,31.8
2024-05-04,490,139.37,175.08,65.18,189.296,31.9
2024-05-05,491,134.28,168.77,62.87,189.43,31.9
2024-05-06,492,141.97,178.51,66.55,189.572,31.9
2024-05-07,493,134.16,168.76,62.97,189.707,31.9
2024-05-08,494,128.86,162.16,60.55,189.835,32.0
2024-05-09,495,141.28,177.88,66.47,189.977,32.0
2024-05-10,496,135.74,170.98,63.94,190.112,32.0
2024-05-11,497,127.09,160.16,59.94,190.24,32.0
2024-05-12,498,131.3,165.53,61.99,190.371,32.1
2024-05-13,499,127.4,160.69,60.22,190.498,32.1
2024-05-14,500,124.45,157.04,58.9,190.623,32.1
2024-05-15,501,136.33,172.1,64.6,190.759,32.1
2024-05-16,502,141.2,178.32,66.98,190.9,32.2
2024-05-17,503,123.58,156.14,58.69,191.024,32.2
2024-05-18,504,133.56,168.83,63.51,191.157,32.2
2024-05-19,505,126.95,160.54,60.44,191.284,32.3
2024-05-20,506,127.53,161.35,60.78,191.412,32.3
2024-05-21,507,126.72,160.38,60.47,191.539,32.3
2024-05-22,508,125.04,158.33,59.74,191.664,32.3
2024-05-23,509,129.49,164.04,61.93,191.793,32.4
2024-05-24,510,124.68,158.02,59.7,191.918,32.4
2024-05-25,511,130.09,164.94,62.36,192.048,32.4
2024-05-26,512,128.17,162.58,61.51,192.176,32.4
2024-05-27,513,126.94,161.08,60.99,192.303,32.5
2024-05-28,514,123.25,156.47,59.29,192.426,32.5
2024-05-29,515,124.68,158.36,60.04,192.551,32.5
2024-05-30,516,131.21,166.72,63.26,192.682,32.5
2024-05-31,517,129.64,164.8,62.57,192.812,32.6
2024-06-01,518,121.87,154.99,58.89,192.934,32.6
2024-06-02,519,127.07,161.67,61.47,193.061,32.6
2024-06-03,520,130.1,165.6,63.01,193.191,32.6
2024-06-04,521,117.63,149.78,57.03,193.308,32.7
2024-06-05,522,128.52,163.72,62.38,193.437,32.7
2024-06-06,523,122.2,155.73,59.38,193.559,32.7
2024-06-07,524,128.12,163.36,62.33,193.687,32.7
2024-06-08,525,121.19,154.59,59.02,193.808,32.8
2024-06-09,526,115.75,147.7,56.43,193.924,32.8
2024-06-10,527,116.39,148.59,56.81,194.041,32.8
2024-06-11,528,124.48,158.98,60.83,194.165,32.8
2024-06-12,529,125.28,160.07,61.28,194.29,32.8
2024-06-13,530,119.26,152.44,58.41,194.41,32.9
2024-06-14,531,126.64,161.94,62.09,194.536,32.9
2024-06-15,532,115.04,147.18,56.46,194.651,32.9
2024-06-16,533,122.66,156.99,60.27,194.774,32.9
2024-06-17,534,116.79,149.54,57.45,194.891,33.0
2024-06-18,535,119.29,152.81,58.74,195.01,33.0
2024-06-19,536,122.47,156.95,60.37,195.132,33.0
2024-06-20,537,117.79,151.02,58.13,195.25,33.0
2024-06-21,538,119.87,153.75,59.22,195.37,33.1
2024-06-22,539,126.39,162.18,62.51,195.497,33.1
2024-06-23,540,118.46,152.06,58.65,195.615,33.1
2024-06-24,541,125.06,160.6,61.98,195.74,33.1
2024-06-25,542,115.32,148.15,57.21,195.855,33.2
2024-06-26,543,123.09,158.2,61.13,195.978,33.2
2024-06-27,544,127.23,163.59,63.26,196.106,33.2
2024-06-28,545,108.18,139.16,53.85,196.214,33.2
2024-06-29,546,116.0,149.27,57.8,196.33,33.3
2024-06-30,547,122.34,157.5,61.02,196.452,33.3
2024-07-01,548,118.37,152.46,59.1,196.571,33.3
2024-07-02,549,120.87,155.74,60.42,196.691,33.3
2024-07-03,550,116.0,149.52,58.04,196.807,33.3
2024-07-04,551,119.05,153.52,59.63,196.927,33.4
2024-07-05,552,117.67,151.8,59.0,197.044,33.4
2024-07-06,553,123.69,159.64,62.08,197.168,33.4
2024-07-07,554,119.14,153.82,59.86,197.287,33.4
2024-07-08,555,119.3,154.09,60.0,197.406,33.5
2024-07-09,556,115.54,149.3,58.18,197.522,33.5
2024-07-10,557,114.96,148.61,57.94,197.637,33.5
2024-07-11,558,115.0,148.72,58.02,197.752,33.5
2024-07-12,559,118.64,153.49,59.92,197.87,33.6
2024-07-13,560,114.6,148.33,57.94,197.985,33.6
2024-07-14,561,117.69,152.39,59.56,198.103,33.6
2024-07-15,562,125.75,162.9,63.71,198.228,33.6
2024-07-16,563,119.93,155.42,60.82,198.348,33.6
2024-07-17,564,114.16,148.0,57.95,198.463,33.7
2024-07-18,565,120.99,156.92,61.48,198.584,33.7
2024-07-19,566,113.34,147.06,57.65,198.697,33.7
2024-07-20,567,105.62,137.1,53.78,198.803,33.7
2024-07-21,568,110.15,143.04,56.14,198.913,33.8
2024-07-22,569,105.99,137.68,54.07,199.019,33.8
2024-07-23,570,112.73,146.51,57.57,199.131,33.8
2024-07-24,571,114.21,148.48,58.39,199.246,33.8
2024-07-25,572,121.54,158.08,62.2,199.367,33.9
2024-07-26,573,115.17,149.86,59.0,199.482,33.9
2024-07-27,574,112.48,146.41,57.67,199.595,33.9
2024-07-28,575,117.01,152.38,60.06,199.712,33.9
2024-07-29,576,103.04,134.24,52.94,199.815,33.9
2024-07-30,577,113.89,148.43,58.57,199.929,34.0
2024-07-31,578,116.09,151.35,59.76,200.045,34.0
2024-08-01,579,105.75,137.94,54.49,200.151,34.0
2024-08-02,580,117.32,153.09,60.51,200.268,34.0
2024-08-03,581,113.49,148.15,58.6,200.381,34.0
2024-08-04,582,109.91,143.53,56.8,200.491,34.1
2024-08-05,583,114.38,149.43,59.17,200.606,34.1
2024-08-06,584,121.46,158.74,62.89,200.727,34.1
2024-08-07,585,111.95,146.37,58.02,200.839,34.1
2024-08-08,586,112.03,146.54,58.12,200.951,34.2
2024-08-09,587,108.69,142.22,56.44,201.06,34.2
2024-08-10,588,106.76,139.75,55.5,201.167,34.2
2024-08-11,589,113.98,149.26,59.3,201.281,34.2
2024-08-12,590,106.34,139.31,55.38,201.387,34.2
2024-08-13,591,110.22,144.45,57.46,201.497,34.3
2024-08-14,592,107.61,141.08,56.15,201.605,34.3
2024-08-15,593,111.6,146.37,58.29,201.716,34.3
2024-08-16,594,110.76,145.33,57.9,201.827,34.3
2024-08-17,595,113.62,149.15,59.46,201.941,34.4
2024-08-18,596,106.67,140.08,55.87,202.047,34.4
2024-08-19,597,107.52,141.25,56.37,202.155,34.4
2024-08-20,598,104.25,137.0,54.71,202.259,34.4
2024-08-21,599,106.37,139.85,55.87,202.366,34.4
2024-08-22,600,109.73,144.32,57.69,202.475,34.5
2024-08-23,601,111.17,146.27,58.5,202.586,34.5
2024-08-24,602,103.73,136.54,54.64,202.69,34.5
2024-08-25,603,111.25,146.49,58.65,202.801,34.5
2024-08-26,604,113.13,149.03,59.7,202.915,34.5
2024-08-27,605,108.89,143.49,57.51,203.023,34.6
2024-08-28,606,114.95,151.54,60.77,203.138,34.6
2024-08-29,607,103.43,136.4,54.73,203.242,34.6
2024-08-30,608,101.23,133.56,53.62,203.343,34.6
2024-08-31,609,98.78,130.37,52.37,203.442,34.6
2024-09-01,610,112.51,148.55,59.7,203.554,34.7
2024-09-02,611,108.74,143.63,57.75,203.663,34.7
2024-09-03,612,105.54,139.45,56.1,203.769,34.7
2024-09-04,613,106.77,141.13,56.81,203.875,34.7
2024-09-05,614,100.65,133.1,53.6,203.976,34.7
2024-09-06,615,115.5,152.79,61.56,204.092,34.8
2024-09-07,616,105.56,139.7,56.32,204.197,34.8
2024-09-08,617,105.29,139.39,56.22,204.302,34.8
2024-09-09,618,107.68,142.62,57.55,204.41,34.8
2024-09-10,619,106.47,141.06,56.95,204.517,34.9
2024-09-11,620,105.2,139.44,56.33,204.622,34.9
2024-09-12,621,100.79,133.65,54.02,204.723,34.9
2024-09-13,622,105.86,140.42,56.78,204.828,34.9
2024-09-14,623,111.53,147.99,59.87,204.94,34.9
2024-09-15,624,109.11,144.84,58.63,205.049,35.0
2024-09-16,625,109.94,146.0,59.13,205.159,35.0
2024-09-17,626,101.06,134.26,54.4,205.26,35.0
2024-09-18,627,98.91,131.45,53.29,205.359,35.0
2024-09-19,628,102.29,136.0,55.16,205.461,35.0
2024-09-20,629,102.86,136.8,55.51,205.564,35.1
2024-09-21,630,106.93,142.27,57.76,205.671,35.1
2024-09-22,631,95.34,126.91,51.55,205.766,35.1
2024-09-23,632,108.34,144.25,58.62,205.875,35.1
2024-09-24,633,101.27,134.89,54.84,205.976,35.1
2024-09-25,634,100.0,133.25,54.2,206.076,35.2
2024-09-26,635,97.44,129.9,52.87,206.173,35.2
2024-09-27,636,94.67,126.25,51.4,206.268,35.2
2024-09-28,637,104.54,139.46,56.81,206.373,35.2
2024-09-29,638,101.32,135.22,55.11,206.474,35.2
2024-09-30,639,95.65,127.7,52.07,206.57,35.2
2024-10-01,640,95.46,127.5,52.01,206.665,35.3
2024-10-02,641,99.16,132.48,54.07,206.764,35.3
2024-10-03,642,107.03,143.05,58.41,206.871,35.3
2024-10-04,643,99.12,132.53,54.14,206.97,35.3
2024-10-05,644,93.98,125.7,51.38,207.064,35.3
2024-10-06,645,98.84,132.25,54.08,207.163,35.4
2024-10-07,646,98.56,131.93,53.97,207.262,35.4
2024-10-08,647,88.74,118.83,48.64,207.35,35.4
2024-10-09,648,99.09,132.74,54.35,207.45,35.4
2024-10-10,649,98.22,131.62,53.92,207.548,35.4
2024-10-11,650,101.72,136.37,55.89,207.649,35.5
2024-10-12,651,106.1,142.29,58.35,207.756,35.5
2024-10-13,652,103.07,138.28,56.73,207.859,35.5
2024-10-14,653,97.4,130.72,53.65,207.956,35.5
2024-10-15,654,93.95,126.13,51.79,208.05,35.5
2024-10-16,655,108.23,145.36,59.72,208.158,35.6
2024-10-17,656,98.2,131.93,54.22,208.256,35.6
2024-10-18,657,97.85,131.52,54.08,208.354,35.6
2024-10-19,658,97.54,131.15,53.95,208.452,35.6
2024-10-20,659,98.24,132.14,54.38,208.55,35.6
2024-10-21,660,96.74,130.17,53.6,208.647,35.7
2024-10-22,661,94.91,127.76,52.63,208.742,35.7
2024-10-23,662,94.86,127.73,52.64,208.837,35.7
2024-10-24,663,96.69,130.24,53.7,208.933,35.7
2024-10-25,664,94.55,127.41,52.55,209.028,35.7
2024-10-26,665,93.74,126.36,52.14,209.122,35.7
2024-10-27,666,96.74,130.46,53.86,209.218,35.8
2024-10-28,667,95.19,128.41,53.04,209.313,35.8
2024-10-29,668,101.79,137.36,56.76,209.415,35.8
2024-10-30,669,85.69,115.68,47.82,209.501,35.8
2024-10-31,670,99.87,134.87,55.78,209.601,35.8
2024-11-01,671,100.3,135.5,56.06,209.701,35.9
2024-11-02,672,87.47,118.21,48.93,209.789,35.9
2024-11-03,673,93.91,126.97,52.58,209.883,35.9
2024-11-04,674,93.65,126.66,52.47,209.976,35.9
2024-11-05,675,89.56,121.17,50.22,210.066,35.9
2024-11-06,676,91.8,124.25,51.51,210.158,35.9
2024-11-07,677,90.39,122.38,50.76,210.248,36.0
2024-11-08,678,101.06,136.87,56.8,210.349,36.0
2024-11-09,679,97.81,132.53,55.02,210.447,36.0
2024-11-10,680,98.92,134.07,55.68,210.546,36.0
2024-11-11,681,96.69,131.1,54.47,210.642,36.0
2024-11-12,682,89.58,121.51,50.51,210.732,36.1
2024-11-13,683,91.7,124.43,51.74,210.824,36.1
2024-11-14,684,95.35,129.42,53.84,210.919,36.1
2024-11-15,685,88.8,120.58,50.18,211.008,36.1
2024-11-16,686,95.87,130.22,54.22,211.104,36.1
2024-11-17,687,92.17,125.24,52.16,211.196,36.1
2024-11-18,688,91.52,124.4,51.84,211.287,36.2
2024-11-19,689,95.4,129.72,54.07,211.383,36.2
2024-11-20,690,94.26,128.21,53.47,211.477,36.2
2024-11-21,691,91.13,124.0,51.73,211.568,36.2
2024-11-22,692,96.59,131.49,54.88,211.665,36.2
2024-11-23,693,88.18,120.07,50.13,211.753,36.2
2024-11-24,694,94.28,128.43,53.65,211.847,36.3
2024-11-25,695,94.05,128.16,53.55,211.941,36.3
2024-11-26,696,90.58,123.48,51.62,212.032,36.3
2024-11-27,697,92.77,126.51,52.9,212.125,36.3
2024-11-28,698,86.85,118.48,49.57,212.211,36.3
2024-11-29,699,94.65,129.17,54.06,212.306,36.4
2024-11-30,700,90.46,123.49,51.7,212.397,36.4
2024-12-01,701,89.09,121.66,50.96,212.486,36.4
2024-12-02,702,94.66,129.31,54.18,212.58,36.4
2024-12-03,703,88.14,120.46,50.49,212.668,36.4
2024-12-04,704,85.45,116.82,48.99,212.754,36.4
2024-12-05,705,84.78,115.95,48.64,212.839,36.5
2024-12-06,706,92.46,126.49,53.08,212.931,36.5
2024-12-07,707,85.51,117.02,49.13,213.017,36.5
2024-12-08,708,96.3,131.84,55.37,213.113,36.5
2024-12-09,709,82.36,112.79,47.39,213.195,36.5
2024-12-10,710,95.79,131.23,55.15,213.291,36.5
2024-12-11,711,90.32,123.77,52.04,213.381,36.6
2024-12-12,712,89.07,122.11,51.36,213.47,36.6
2024-12-13,713,87.33,119.77,50.4,213.558,36.6
2024-12-14,714,90.56,124.24,52.3,213.648,36.6
2024-12-15,715,88.86,121.96,51.35,213.737,36.6
2024-12-16,716,92.78,127.38,53.66,213.83,36.6
2024-12-17,717,89.13,122.4,51.58,213.919,36.7
2024-12-18,718,89.12,122.43,51.61,214.008,36.7
2024-12-19,719,87.16,119.78,50.51,214.095,36.7
2024-12-20,720,88.11,121.13,51.1,214.184,36.7
2024-12-21,721,89.26,122.75,51.8,214.273,36.7
2024-12-22,722,82.01,112.82,47.63,214.355,36.7
2024-12-23,723,83.16,114.44,48.33,214.438,36.8
2024-12-24,724,90.37,124.41,52.56,214.528,36.8
2024-12-25,725,88.22,121.5,51.35,214.617,36.8
2024-12-26,726,86.85,119.64,50.58,214.703,36.8
2024-12-27,727,87.42,120.47,50.95,214.791,36.8
2024-12-28,728,88.43,121.91,51.58,214.879,36.8
2024-12-29,729,85.21,117.5,49.73,214.964,36.9
2024-12-30,730,84.24,116.22,49.21,215.049,36.9
2024-12-31,731,87.5,120.75,51.14,215.136,36.9
2025-01-01,732,83.29,114.99,48.72,215.219,36.9
2025-01-02,733,87.97,121.48,51.49,215.307,36.9
2025-01-03,734,80.53,111.26,47.17,215.388,36.9
2025-01-04,735,89.84,124.15,52.66,215.478,37.0
2025-01-05,736,87.79,121.35,51.49,215.566,37.0
2025-01-06,737,86.91,120.18,51.01,215.653,37.0
2025-01-07,738,89.27,123.49,52.43,215.742,37.0
2025-01-08,739,91.48,126.59,53.76,215.833,37.0
2025-01-09,740,89.11,123.35,52.41,215.922,37.0
2025-01-10,741,79.21,109.69,46.62,216.002,37.0
2025-01-11,742,81.0,112.21,47.71,216.083,37.1
2025-01-12,743,83.11,115.17,48.98,216.166,37.1
2025-01-13,744,85.21,118.11,50.25,216.251,37.1
2025-01-14,745,86.75,120.29,51.19,216.338,37.1
2025-01-15,746,82.4,114.3,48.66,216.42,37.1
2025-01-16,747,85.37,118.45,50.44,216.505,37.1
2025-01-17,748,82.05,113.89,48.52,216.587,37.2
2025-01-18,749,82.41,114.43,48.76,216.67,37.2
2025-01-19,750,79.61,110.57,47.14,216.749,37.2
2025-01-20,751,81.11,112.71,48.06,216.831,37.2
2025-01-21,752,79.55,110.57,47.17,216.91,37.2
2025-01-22,753,80.7,112.2,47.88,216.991,37.2
2025-01-23,754,87.38,121.54,51.88,217.078,37.3
2025-01-24,755,80.54,112.07,47.85,217.159,37.3
2025-01-25,756,92.4,128.61,54.93,217.251,37.3
2025-01-26,757,85.12,118.52,50.64,217.336,37.3
2025-01-27,758,83.97,116.95,49.98,217.42,37.3
2025-01-28,759,80.37,111.97,47.87,217.501,37.3
2025-01-29,760,85.43,119.07,50.92,217.586,37.3
2025-01-30,761,81.07,113.03,48.35,217.667,37.4
2025-01-31,762,83.26,116.12,49.69,217.75,37.4
2025-02-01,763,91.21,127.25,54.47,217.842,37.4
2025-02-02,764,82.3,114.85,49.18,217.924,37.4
2025-02-03,765,86.28,120.46,51.6,218.01,37.4
2025-02-04,766,80.05,111.8,47.9,218.09,37.4
2025-02-05,767,82.13,114.74,49.18,218.172,37.5
2025-02-06,768,87.95,122.9,52.69,218.26,37.5
2025-02-07,769,79.95,111.77,47.93,218.34,37.5
2025-02-08,770,87.82,122.81,52.69,218.428,37.5
2025-02-09,771,84.08,117.62,50.47,218.512,37.5
2025-02-10,772,79.81,111.68,47.94,218.592,37.5
2025-02-11,773,83.59,117.01,50.24,218.676,37.5
2025-02-12,774,84.58,118.43,50.87,218.76,37.6
2025-02-13,775,83.31,116.7,50.14,218.843,37.6
2025-02-14,776,76.07,106.6,45.81,218.92,37.6
2025-02-15,777,78.7,110.31,47.42,218.998,37.6
2025-02-16,778,80.14,112.36,48.32,219.078,37.6
2025-02-17,779,80.58,113.02,48.62,219.159,37.6
2025-02-18,780,82.71,116.04,49.93,219.242,37.6
2025-02-19,781,81.16,113.91,49.03,219.323,37.7
2025-02-20,782,76.17,106.94,46.04,219.399,37.7
2025-02-21,783,81.58,114.57,49.34,219.481,37.7
2025-02-22,784,82.2,115.48,49.75,219.563,37.7
2025-02-23,785,81.92,115.12,49.61,219.645,37.7
2025-02-24,786,83.47,117.34,50.58,219.728,37.7
2025-02-25,787,82.56,116.1,50.06,219.811,37.7
2025-02-26,788,81.24,114.29,49.29,219.892,37.8
2025-02-27,789,79.44,111.79,48.23,219.971,37.8
2025-02-28,790,74.26,104.54,45.11,220.046,37.8
2025-03-01,791,80.8,113.78,49.12,220.126,37.8
2025-03-02,792,79.98,112.66,48.65,220.206,37.8
2025-03-03,793,80.07,112.82,48.73,220.287,37.8
2025-03-04,794,75.06,105.8,45.71,220.362,37.8
2025-03-05,795,75.57,106.55,46.05,220.437,37.9
2025-03-06,796,82.19,115.93,50.11,220.519,37.9
2025-03-07,797,78.64,110.95,47.97,220.598,37.9
2025-03-08,798,80.79,114.03,49.32,220.679,37.9
2025-03-09,799,78.63,111.01,48.03,220.757,37.9
2025-03-10,800,78.52,110.89,47.99,220.836,37.9
2025-03-11,801,81.25,114.79,49.69,220.917,37.9
2025-03-12,802,76.59,108.24,46.87,220.994,38.0
2025-03-13,803,78.39,110.82,48.0,221.072,38.0
2025-03-14,804,76.54,108.24,46.89,221.149,38.0
2025-03-15,805,76.52,108.24,46.91,221.225,38.0
2025-03-16,806,76.8,108.68,47.11,221.302,38.0
2025-03-17,807,78.35,110.9,48.08,221.38,38.0
2025-03-18,808,76.06,107.7,46.71,221.456,38.0
2025-03-19,809,81.33,115.19,49.97,221.538,38.1
2025-03-20,810,74.56,105.65,45.84,221.612,38.1
2025-03-21,811,76.64,108.63,47.15,221.689,38.1
2025-03-22,812,75.76,107.41,46.63,221.765,38.1
2025-03-23,813,81.46,115.53,50.17,221.846,38.1
2025-03-24,814,77.5,109.95,47.76,221.924,38.1
2025-03-25,815,79.96,113.48,49.31,222.004,38.1
2025-03-26,816,72.13,102.39,44.5,222.076,38.2
2025-03-27,817,77.4,109.91,47.78,222.153,38.2
2025-03-28,818,79.19,112.5,48.92,222.232,38.2
2025-03-29,819,76.62,108.87,47.35,222.309,38.2
2025-03-30,820,79.51,113.02,49.17,222.388,38.2
2025-03-31,821,74.58,106.04,46.15,222.463,38.2
2025-04-01,822,80.34,114.27,49.74,222.543,38.2
2025-04-02,823,82.93,117.99,51.37,222.626,38.3
2025-04-03,824,74.74,106.37,46.33,222.701,38.3
2025-04-04,825,74.39,105.9,46.13,222.775,38.3
2025-04-05,826,80.03,113.97,49.66,222.855,38.3
2025-04-06,827,80.3,114.4,49.86,222.936,38.3
2025-04-07,828,73.85,105.24,45.88,223.01,38.3
2025-04-08,829,74.06,105.57,46.03,223.084,38.3
2025-04-09,830,74.37,106.05,46.25,223.158,38.3
2025-04-10,831,71.08,101.38,44.23,223.229,38.4
2025-04-11,832,72.26,103.1,44.99,223.301,38.4
2025-04-12,833,71.9,102.63,44.79,223.373,38.4
2025-04-13,834,72.51,103.53,45.2,223.446,38.4
2025-04-14,835,74.6,106.55,46.53,223.52,38.4
2025-04-15,836,75.3,107.59,46.99,223.596,38.4
2025-04-16,837,79.13,113.08,49.4,223.675,38.4
2025-04-17,838,71.43,102.12,44.62,223.746,38.5
2025-04-18,839,77.23,110.44,48.27,223.824,38.5
2025-04-19,840,73.57,105.24,46.01,223.897,38.5
2025-04-20,841,73.96,105.82,46.28,223.971,38.5
2025-04-21,842,76.0,108.78,47.58,224.047,38.5
2025-04-22,843,70.58,101.06,44.22,224.118,38.5
2025-04-23,844,74.93,107.32,46.97,224.193,38.5
2025-04-24,845,74.19,106.3,46.53,224.267,38.5
2025-04-25,846,75.05,107.56,47.09,224.342,38.6
2025-04-26,847,74.36,106.6,46.68,224.416,38.6
2025-04-27,848,80.62,115.61,50.64,224.497,38.6
2025-04-28,849,71.44,102.48,44.9,224.568,38.6
2025-04-29,850,71.65,102.82,45.06,224.64,38.6
2025-04-30,851,71.29,102.33,44.85,224.711,38.6
2025-05-01,852,71.39,102.51,44.94,224.783,38.6
2025-05-02,853,71.06,102.06,44.75,224.854,38.6
2025-05-03,854,76.28,109.6,48.07,224.93,38.7
2025-05-04,855,76.85,110.46,48.46,225.007,38.7
2025-05-05,856,70.97,102.03,44.77,225.078,38.7
2025-05-06,857,70.11,100.83,44.26,225.148,38.7
2025-05-07,858,73.8,106.16,46.61,225.222,38.7
2025-05-08,859,70.74,101.79,44.7,225.292,38.7
2025-05-09,860,74.07,106.62,46.83,225.366,38.7
2025-05-10,861,72.73,104.72,46.0,225.439,38.7
2025-05-11,862,67.68,97.48,42.83,225.507,38.8
2025-05-12,863,76.41,110.09,48.38,225.583,38.8
2025-05-13,864,77.02,111.01,48.8,225.66,38.8
2025-05-14,865,70.01,100.93,44.37,225.73,38.8
2025-05-15,866,70.56,101.75,44.75,225.801,38.8
2025-05-16,867,72.39,104.43,45.94,225.873,38.8
2025-05-17,868,72.44,104.53,45.99,225.946,38.8
2025-05-18,869,73.27,105.76,46.54,226.019,38.8
2025-05-19,870,77.03,111.22,48.95,226.096,38.9
2025-05-20,871,70.7,102.11,44.95,226.167,38.9
2025-05-21,872,68.84,99.46,43.79,226.235,38.9
2025-05-22,873,67.1,96.97,42.71,226.303,38.9
2025-05-23,874,68.85,99.53,43.84,226.371,38.9
2025-05-24,875,70.74,102.29,45.07,226.442,38.9
2025-05-25,876,75.82,109.67,48.33,226.518,38.9
2025-05-26,877,69.18,100.11,44.12,226.587,38.9
2025-05-27,878,71.19,103.04,45.42,226.658,39.0
2025-05-28,879,70.42,101.95,44.96,226.729,39.0
2025-05-29,880,73.72,106.76,47.09,226.802,39.0
2025-05-30,881,77.38,112.11,49.45,226.88,39.0
2025-05-31,882,68.7,99.56,43.93,226.949,39.0
2025-06-01,883,68.73,99.63,43.97,227.017,39.0
2025-06-02,884,72.93,105.76,46.68,227.09,39.0
2025-06-03,885,71.82,104.18,45.99,227.162,39.0
2025-06-04,886,74.98,108.8,48.04,227.237,39.1
2025-06-05,887,71.37,103.58,45.75,227.308,39.1
2025-06-06,888,68.65,99.66,44.03,227.377,39.1
2025-06-07,889,71.2,103.4,45.69,227.448,39.1
2025-06-08,890,72.55,105.39,46.57,227.521,39.1
2025-06-09,891,71.66,104.13,46.02,227.592,39.1
2025-06-10,892,70.7,102.76,45.43,227.663,39.1
2025-06-11,893,72.15,104.92,46.39,227.735,39.1
2025-06-12,894,72.35,105.23,46.54,227.808,39.1
2025-06-13,895,72.84,105.98,46.88,227.881,39.2
2025-06-14,896,70.73,102.93,45.54,227.951,39.2
2025-06-15,897,68.39,99.56,44.06,228.02,39.2
2025-06-16,898,69.16,100.72,44.58,228.089,39.2
2025-06-17,899,71.99,104.86,46.42,228.161,39.2
2025-06-18,900,66.35,96.67,42.8,228.227,39.2
2025-06-19,901,69.51,101.31,44.86,228.297,39.2
2025-06-20,902,67.34,98.18,43.48,228.364,39.2
2025-06-21,903,68.4,99.76,44.19,228.432,39.2
2025-06-22,904,71.73,104.64,46.36,228.504,39.3
2025-06-23,905,68.67,100.22,44.41,228.573,39.3
2025-06-24,906,68.19,99.54,44.12,228.641,39.3
2025-06-25,907,64.28,93.87,41.61,228.705,39.3
2025-06-26,908,69.92,102.13,45.28,228.775,39.3
2025-06-27,909,69.56,101.63,45.07,228.845,39.3
2025-06-28,910,73.58,107.54,47.7,228.918,39.3
2025-06-29,911,66.81,97.67,43.33,228.985,39.3
2025-06-30,912,68.15,99.66,44.22,229.053,39.4
2025-07-01,913,68.14,99.68,44.24,229.121,39.4
2025-07-02,914,71.64,104.82,46.53,229.193,39.4
2025-07-03,915,67.04,98.13,43.56,229.26,39.4
2025-07-04,916,67.97,99.51,44.18,229.328,39.4
2025-07-05,917,68.77,100.71,44.72,229.397,39.4
2025-07-06,918,67.55,98.96,43.95,229.464,39.4
2025-07-07,919,65.77,96.38,42.82,229.53,39.4
2025-07-08,920,67.4,98.8,43.9,229.598,39.4
2025-07-09,921,69.67,102.15,45.39,229.667,39.5
2025-07-10,922,63.98,93.83,41.71,229.731,39.5
2025-07-11,923,66.99,98.28,43.69,229.798,39.5
2025-07-12,924,64.69,94.93,42.21,229.863,39.5
2025-07-13,925,69.64,102.24,45.46,229.933,39.5
2025-07-14,926,62.34,91.54,40.71,229.995,39.5
2025-07-15,927,64.82,95.21,42.35,230.06,39.5
2025-07-16,928,67.22,98.77,43.94,230.127,39.5
2025-07-17,929,70.28,103.3,45.96,230.197,39.5
2025-07-18,930,65.88,96.86,43.11,230.263,39.6
2025-07-19,931,64.51,94.87,42.23,230.328,39.6
2025-07-20,932,70.85,104.23,46.4,230.398,39.6
2025-07-21,933,62.0,91.23,40.62,230.46,39.6
2025-07-22,934,59.95,88.24,39.3,230.52,39.6
2025-07-23,935,66.81,98.36,43.81,230.587,39.6
2025-07-24,936,64.26,94.63,42.16,230.651,39.6
2025-07-25,937,62.82,92.54,41.23,230.714,39.6
2025-07-26,938,67.27,99.12,44.17,230.782,39.6
2025-07-27,939,65.97,97.24,43.34,230.847,39.6
2025-07-28,940,63.78,94.04,41.92,230.911,39.7
2025-07-29,941,61.83,91.2,40.66,230.973,39.7
2025-07-30,942,67.36,99.39,44.32,231.04,39.7
2025-07-31,943,66.7,98.44,43.9,231.107,39.7
2025-08-01,944,64.68,95.48,42.59,231.172,39.7
2025-08-02,945,69.65,102.84,45.88,231.241,39.7
2025-08-03,946,62.0,91.58,40.86,231.303,39.7
2025-08-04,947,60.75,89.76,40.05,231.364,39.7
2025-08-05,948,62.83,92.86,41.44,231.427,39.7
2025-08-06,949,64.42,95.24,42.51,231.492,39.8
2025-08-07,950,65.09,96.26,42.97,231.557,39.8
2025-08-08,951,63.76,94.32,42.11,231.62,39.8
2025-08-09,952,65.21,96.49,43.09,231.686,39.8
2025-08-10,953,61.01,90.31,40.33,231.747,39.8
2025-08-11,954,67.86,100.46,44.88,231.814,39.8
2025-08-12,955,63.87,94.58,42.25,231.878,39.8
2025-08-13,956,66.86,99.04,44.25,231.945,39.8
2025-08-14,957,64.8,96.02,42.91,232.01,39.8
2025-08-15,958,65.01,96.36,43.07,232.075,39.8
2025-08-16,959,65.22,96.7,43.23,232.14,39.9
2025-08-17,960,64.83,96.15,42.99,232.205,39.9
2025-08-18,961,65.25,96.8,43.28,232.27,39.9
2025-08-19,962,66.92,99.3,44.41,232.337,39.9
2025-08-20,963,63.96,94.94,42.46,232.401,39.9
2025-08-21,964,65.19,96.79,43.29,232.466,39.9
2025-08-22,965,63.09,93.69,41.92,232.529,39.9
2025-08-23,966,66.88,99.36,44.46,232.596,39.9
2025-08-24,967,61.45,91.32,40.87,232.658,39.9
2025-08-25,968,67.63,100.53,44.99,232.725,40.0
2025-08-26,969,62.91,93.54,41.87,232.788,40.0
2025-08-27,970,59.34,88.25,39.51,232.848,40.0
2025-08-28,971,63.18,94.0,42.09,232.911,40.0
2025-08-29,972,61.08,90.89,40.7,232.972,40.0
2025-08-30,973,64.82,96.49,43.22,233.037,40.0
2025-08-31,974,61.0,90.84,40.69,233.098,40.0
2025-09-01,975,61.45,91.53,41.0,233.159,40.0
2025-09-02,976,57.77,86.07,38.56,233.217,40.0
2025-09-03,977,61.29,91.34,40.93,233.278,40.0
2025-09-04,978,56.3,83.93,37.61,233.335,40.1
2025-09-05,979,58.33,86.97,38.98,233.393,40.1
2025-09-06,980,64.09,95.59,42.85,233.457,40.1
2025-09-07,981,64.08,95.6,42.86,233.521,40.1
2025-09-08,982,63.11,94.18,42.23,233.584,40.1
2025-09-09,983,59.58,88.95,39.89,233.644,40.1
2025-09-10,984,61.79,92.27,41.38,233.706,40.1
2025-09-11,985,61.83,92.35,41.42,233.767,40.1
2025-09-12,986,58.9,88.0,39.48,233.826,40.1
2025-09-13,987,65.4,97.74,43.85,233.892,40.1
2025-09-14,988,63.78,95.35,42.78,233.955,40.1
2025-09-15,989,61.0,91.22,40.94,234.016,40.2
2025-09-16,990,61.54,92.05,41.31,234.078,40.2
2025-09-17,991,61.91,92.64,41.58,234.14,40.2
2025-09-18,992,56.32,84.29,37.84,234.196,40.2
2025-09-19,993,60.65,90.8,40.77,234.257,40.2
2025-09-20,994,59.52,89.13,40.02,234.316,40.2
2025-09-21,995,58.67,87.88,39.47,234.375,40.2
2025-09-22,996,60.36,90.44,40.62,234.435,40.2
2025-09-23,997,65.36,97.96,44.0,234.501,40.2
2025-09-24,998,62.47,93.65,42.07,234.563,40.2
2025-09-25,999,59.45,89.14,40.05,234.623,40.3
2025-09-26,1000,62.16,93.24,41.9,234.685,40.3
